Workbook

Sheet Read Me
A1: Phase 1 — Equipment Recommendation Model (placeholder data)
A2: Validates the rule-based recommendation logic before it's locked into the Supabase schema.
A4: How this model works:
A5: 1. Equipment sheet: catalog of placeholder gym equipment with footprint + clearance zone -> effective floor area per unit.
A6: 2. Space Types sheet: splits total room area into zone percentages (Cardio, Free Weights, Machines, Functional, Recovery).
A7: 3. Recommendation Model sheet: for 3 test room sizes, greedily fills each zone's area budget with equipment in priority order (highest priority first), computing a recommended quantity per item.
A8: 4. Scenario Summary sheet: rolls up budget vs. area used and total equipment count per zone, per scenario, so you can sanity-check whether the output looks right.
A10: What to check before we lock the DB schema:
A11: - Do the zone % splits (Space Types sheet, column B) match how you'd actually want a gym floor divided?
A12: - Does the priority order per zone (Equipment sheet, column D) match what you'd want recommended first?
A13: - Does the utilization % in Scenario Summary look reasonable (not wildly over/under 100%)?
A14: - Real Matrix Fitness equipment (names, dimensions, clearances) will replace the placeholder rows in the Equipment sheet later — the formulas/logic stay the same.
A16: Everything in yellow-shaded cells is a hardcoded input you can change to test different assumptions; everything else is a formula.

Sheet Equipment
A1: ID | B1: Zone | C1: Equipment Name | D1: Priority | E1: Footprint L (m) | F1: Footprint W (m) | G1: Footprint Area (sqm) | H1: Clearance (m) | I1: Effective L (m) | J1: Effective W (m) | K1: Effective Area (sqm)
A2: 1 | B2: Cardio Zone | C2: Treadmill | D2: 1 | E2: 2.2 | F2: 0.9 | G2: =E2*F2 | H2: 0.6 | I2: =E2+2*H2 | J2: =F2+2*H2 | K2: =I2*J2
A3: 2 | B3: Cardio Zone | C3: Elliptical | D3: 2 | E3: 1.8 | F3: 0.7 | G3: =E3*F3 | H3: 0.5 | I3: =E3+2*H3 | J3: =F3+2*H3 | K3: =I3*J3
A4: 3 | B4: Cardio Zone | C4: Upright Exercise Bike | D4: 3 | E4: 1.2 | F4: 0.6 | G4: =E4*F4 | H4: 0.4 | I4: =E4+2*H4 | J4: =F4+2*H4 | K4: =I4*J4
A5: 4 | B5: Cardio Zone | C5: Rowing Machine | D5: 4 | E5: 2.4 | F5: 0.6 | G5: =E5*F5 | H5: 0.5 | I5: =E5+2*H5 | J5: =F5+2*H5 | K5: =I5*J5
A6: 5 | B6: Cardio Zone | C6: Stair Climber | D6: 5 | E6: 1.5 | F6: 0.9 | G6: =E6*F6 | H6: 0.5 | I6: =E6+2*H6 | J6: =F6+2*H6 | K6: =I6*J6
A7: 6 | B7: Free Weight Zone | C7: Power Rack | D7: 1 | E7: 1.5 | F7: 1.5 | G7: =E7*F7 | H7: 1 | I7: =E7+2*H7 | J7: =F7+2*H7 | K7: =I7*J7
A8: 7 | B8: Free Weight Zone | C8: Adjustable Bench | D8: 2 | E8: 1.3 | F8: 0.6 | G8: =E8*F8 | H8: 0.6 | I8: =E8+2*H8 | J8: =F8+2*H8 | K8: =I8*J8
A9: 8 | B9: Free Weight Zone | C9: Dumbbell Rack (set) | D9: 3 | E9: 2 | F9: 0.6 | G9: =E9*F9 | H9: 0.8 | I9: =E9+2*H9 | J9: =F9+2*H9 | K9: =I9*J9
A10: 9 | B10: Free Weight Zone | C10: Olympic Lifting Platform | D10: 4 | E10: 2.4 | F10: 1.2 | G10: =E10*F10 | H10: 1 | I10: =E10+2*H10 | J10: =F10+2*H10 | K10: =I10*J10
A11: 10 | B11: Free Weight Zone | C11: Smith Machine | D11: 5 | E11: 1.8 | F11: 1.3 | G11: =E11*F11 | H11: 0.8 | I11: =E11+2*H11 | J11: =F11+2*H11 | K11: =I11*J11
A12: 11 | B12: Machine Zone | C12: Cable Crossover Station | D12: 1 | E12: 2.5 | F12: 1.5 | G12: =E12*F12 | H12: 1 | I12: =E12+2*H12 | J12: =F12+2*H12 | K12: =I12*J12
A13: 12 | B13: Machine Zone | C13: Leg Press Machine | D13: 2 | E13: 2.2 | F13: 1.5 | G13: =E13*F13 | H13: 0.8 | I13: =E13+2*H13 | J13: =F13+2*H13 | K13: =I13*J13
... A24: 23 | B24: Recovery Zone | C24: Massage Chair | D24: 3 | E24: 1.2 | F24: 1 | G24: =E24*F24 | H24: 0.5 | I24: =E24+2*H24 | J24: =F24+2*H24 | K24: =I24*J24

Sheet Space Types
A1: Zone | B1: % of Room Area | C1: Description
A2: Cardio Zone | B2: 0.3 | C2: Treadmills, ellipticals, bikes, rowers, stair climbers
A3: Free Weight Zone | B3: 0.25 | C3: Racks, benches, dumbbells, barbells, Smith machine
A4: Machine Zone | B4: 0.2 | C4: Selectorized strength machines, cable stations
A5: Functional Zone | B5: 0.15 | C5: Turf, battle ropes, plyo boxes, suspension trainers
A6: Recovery Zone | B6: 0.1 | C6: Stretching mats, foam rolling, massage chairs
A8: Total | B8: =SUM(B2:B6) | C8: =IF(B8=1,"OK","CHECK: zones must sum to 100%")

Sheet Recommendation Model
A1: Recommendation Model — greedy fill by zone priority
A2: Change the room areas in row 4 to test different scenarios. Each zone's area budget is filled top-to-bottom in priority order.
A3: Room Area (sqm) -> | F3: Scenario A | J3: Scenario B | N3: Scenario C
F4: 100 | J4: 200 | N4: 500
A6: Order | B6: Zone | C6: Equipment | D6: Priority | E6: Effective Area (sqm) | F6: Zone Budget (sqm) | G6: Cum. Before (sqm) | H6: Recommended Qty | I6: Area Used (sqm) | J6: Zone Budget (sqm) | K6: Cum. Before (sqm) | L6: Recommended Qty | M6: Area Used (sqm) | N6: Zone Budget (sqm) | O6: Cum. Before (sqm) | P6: Recommended Qty | Q6: Area Used (sqm)
A7: 1 | B7: Cardio Zone | C7: Treadmill | D7: =VLOOKUP(C7,Equipment!$C$2:$K$24,2,FALSE) | E7: =VLOOKUP(C7,Equipment!$C$2:$K$24,9,FALSE) | F7: =F$4*VLOOKUP($B7,'Space Types'!$A$2:$B$6,2,FALSE) | G7: =0 | H7: =MAX(0,FLOOR((F7-G7)/$E7,1)) | I7: =H7*$E7 | J7: =J$4*VLOOKUP($B7,'Space Types'!$A$2:$B$6,2,FALSE) | K7: =0 | L7: =MAX(0,FLOOR((J7-K7)/$E7,1)) | M7: =L7*$E7 | N7: =N$4*VLOOKUP($B7,'Space Types'!$A$2:$B$6,2,FALSE) | O7: =0 | P7: =MAX(0,FLOOR((N7-O7)/$E7,1)) | Q7: =P7*$E7
A8: 2 | B8: Cardio Zone | C8: Elliptical | D8: =VLOOKUP(C8,Equipment!$C$2:$K$24,2,FALSE) | E8: =VLOOKUP(C8,Equipment!$C$2:$K$24,9,FALSE) | F8: =F$4*VLOOKUP($B8,'Space Types'!$A$2:$B$6,2,FALSE) | G8: =SUMIFS($I$7:$I7,$B$7:$B7,$B8,$A$7:$A7,"<"&$A8) | H8: =MAX(0,FLOOR((F8-G8)/$E8,1)) | I8: =H8*$E8 | J8: =J$4*VLOOKUP($B8,'Space Types'!$A$2:$B$6,2,FALSE) | K8: =SUMIFS($M$7:$M7,$B$7:$B7,$B8,$A$7:$A7,"<"&$A8) | L8: =MAX(0,FLOOR((J8-K8)/$E8,1)) | M8: =L8*$E8 | N8: =N$4*VLOOKUP($B8,'Space Types'!$A$2:$B$6,2,FALSE) | O8: =SUMIFS($Q$7:$Q7,$B$7:$B7,$B8,$A$7:$A7,"<"&$A8) | P8: =MAX(0,FLOOR((N8-O8)/$E8,1)) | Q8: =P8*$E8
A9: 3 | B9: Cardio Zone | C9: Upright Exercise Bike | D9: =VLOOKUP(C9,Equipment!$C$2:$K$24,2,FALSE) | E9: =VLOOKUP(C9,Equipment!$C$2:$K$24,9,FALSE) | F9: =F$4*VLOOKUP($B9,'Space Types'!$A$2:$B$6,2,FALSE) | G9: =SUMIFS($I$7:$I8,$B$7:$B8,$B9,$A$7:$A8,"<"&$A9) | H9: =MAX(0,FLOOR((F9-G9)/$E9,1)) | I9: =H9*$E9 | J9: =J$4*VLOOKUP($B9,'Space Types'!$A$2:$B$6,2,FALSE) | K9: =SUMIFS($M$7:$M8,$B$7:$B8,$B9,$A$7:$A8,"<"&$A9) | L9: =MAX(0,FLOOR((J9-K9)/$E9,1)) | M9: =L9*$E9 | N9: =N$4*VLOOKUP($B9,'Space Types'!$A$2:$B$6,2,FALSE) | O9: =SUMIFS($Q$7:$Q8,$B$7:$B8,$B9,$A$7:$A8,"<"&$A9) | P9: =MAX(0,FLOOR((N9-O9)/$E9,1)) | Q9: =P9*$E9
A10: 4 | B10: Cardio Zone | C10: Rowing Machine | D10: =VLOOKUP(C10,Equipment!$C$2:$K$24,2,FALSE) | E10: =VLOOKUP(C10,Equipment!$C$2:$K$24,9,FALSE) | F10: =F$4*VLOOKUP($B10,'Space Types'!$A$2:$B$6,2,FALSE) | G10: =SUMIFS($I$7:$I9,$B$7:$B9,$B10,$A$7:$A9,"<"&$A10) | H10: =MAX(0,FLOOR((F10-G10)/$E10,1)) | I10: =H10*$E10 | J10: =J$4*VLOOKUP($B10,'Space Types'!$A$2:$B$6,2,FALSE) | K10: =SUMIFS($M$7:$M9,$B$7:$B9,$B10,$A$7:$A9,"<"&$A10) | L10: =MAX(0,FLOOR((J10-K10)/$E10,1)) | M10: =L10*$E10 | N10: =N$4*VLOOKUP($B10,'Space Types'!$A$2:$B$6,2,FALSE) | O10: =SUMIFS($Q$7:$Q9,$B$7:$B9,$B10,$A$7:$A9,"<"&$A10) | P10: =MAX(0,FLOOR((N10-O10)/$E10,1)) | Q10: =P10*$E10
A11: 5 | B11: Cardio Zone | C11: Stair Climber | D11: =VLOOKUP(C11,Equipment!$C$2:$K$24,2,FALSE) | E11: =VLOOKUP(C11,Equipment!$C$2:$K$24,9,FALSE) | F11: =F$4*VLOOKUP($B11,'Space Types'!$A$2:$B$6,2,FALSE) | G11: =SUMIFS($I$7:$I10,$B$7:$B10,$B11,$A$7:$A10,"<"&$A11) | H11: =MAX(0,FLOOR((F11-G11)/$E11,1)) | I11: =H11*$E11 | J11: =J$4*VLOOKUP($B11,'Space Types'!$A$2:$B$6,2,FALSE) | K11: =SUMIFS($M$7:$M10,$B$7:$B10,$B11,$A$7:$A10,"<"&$A11) | L11: =MAX(0,FLOOR((J11-K11)/$E11,1)) | M11: =L11*$E11 | N11: =N$4*VLOOKUP($B11,'Space Types'!$A$2:$B$6,2,FALSE) | O11: =SUMIFS($Q$7:$Q10,$B$7:$B10,$B11,$A$7:$A10,"<"&$A11) | P11: =MAX(0,FLOOR((N11-O11)/$E11,1)) | Q11: =P11*$E11
A12: 6 | B12: Free Weight Zone | C12: Power Rack | D12: =VLOOKUP(C12,Equipment!$C$2:$K$24,2,FALSE) | E12: =VLOOKUP(C12,Equipment!$C$2:$K$24,9,FALSE) | F12: =F$4*VLOOKUP($B12,'Space Types'!$A$2:$B$6,2,FALSE) | G12: =SUMIFS($I$7:$I11,$B$7:$B11,$B12,$A$7:$A11,"<"&$A12) | H12: =MAX(0,FLOOR((F12-G12)/$E12,1)) | I12: =H12*$E12 | J12: =J$4*VLOOKUP($B12,'Space Types'!$A$2:$B$6,2,FALSE) | K12: =SUMIFS($M$7:$M11,$B$7:$B11,$B12,$A$7:$A11,"<"&$A12) | L12: =MAX(0,FLOOR((J12-K12)/$E12,1)) | M12: =L12*$E12 | N12: =N$4*VLOOKUP($B12,'Space Types'!$A$2:$B$6,2,FALSE) | O12: =SUMIFS($Q$7:$Q11,$B$7:$B11,$B12,$A$7:$A11,"<"&$A12) | P12: =MAX(0,FLOOR((N12-O12)/$E12,1)) | Q12: =P12*$E12
A13: 7 | B13: Free Weight Zone | C13: Adjustable Bench | D13: =VLOOKUP(C13,Equipment!$C$2:$K$24,2,FALSE) | E13: =VLOOKUP(C13,Equipment!$C$2:$K$24,9,FALSE) | F13: =F$4*VLOOKUP($B13,'Space Types'!$A$2:$B$6,2,FALSE) | G13: =SUMIFS($I$7:$I12,$B$7:$B12,$B13,$A$7:$A12,"<"&$A13) | H13: =MAX(0,FLOOR((F13-G13)/$E13,1)) | I13: =H13*$E13 | J13: =J$4*VLOOKUP($B13,'Space Types'!$A$2:$B$6,2,FALSE) | K13: =SUMIFS($M$7:$M12,$B$7:$B12,$B13,$A$7:$A12,"<"&$A13) | L13: =MAX(0,FLOOR((J13-K13)/$E13,1)) | M13: =L13*$E13 | N13: =N$4*VLOOKUP($B13,'Space Types'!$A$2:$B$6,2,FALSE) | O13: =SUMIFS($Q$7:$Q12,$B$7:$B12,$B13,$A$7:$A12,"<"&$A13) | P13: =MAX(0,FLOOR((N13-O13)/$E13,1)) | Q13: =P13*$E13
A14: 8 | B14: Free Weight Zone | C14: Dumbbell Rack (set) | D14: =VLOOKUP(C14,Equipment!$C$2:$K$24,2,FALSE) | E14: =VLOOKUP(C14,Equipment!$C$2:$K$24,9,FALSE) | F14: =F$4*VLOOKUP($B14,'Space Types'!$A$2:$B$6,2,FALSE) | G14: =SUMIFS($I$7:$I13,$B$7:$B13,$B14,$A$7:$A13,"<"&$A14) | H14: =MAX(0,FLOOR((F14-G14)/$E14,1)) | I14: =H14*$E14 | J14: =J$4*VLOOKUP($B14,'Space Types'!$A$2:$B$6,2,FALSE) | K14: =SUMIFS($M$7:$M13,$B$7:$B13,$B14,$A$7:$A13,"<"&$A14) | L14: =MAX(0,FLOOR((J14-K14)/$E14,1)) | M14: =L14*$E14 | N14: =N$4*VLOOKUP($B14,'Space Types'!$A$2:$B$6,2,FALSE) | O14: =SUMIFS($Q$7:$Q13,$B$7:$B13,$B14,$A$7:$A13,"<"&$A14) | P14: =MAX(0,FLOOR((N14-O14)/$E14,1)) | Q14: =P14*$E14
A15: 9 | B15: Free Weight Zone | C15: Olympic Lifting Platform | D15: =VLOOKUP(C15,Equipment!$C$2:$K$24,2,FALSE) | E15: =VLOOKUP(C15,Equipment!$C$2:$K$24,9,FALSE) | F15: =F$4*VLOOKUP($B15,'Space Types'!$A$2:$B$6,2,FALSE) | G15: =SUMIFS($I$7:$I14,$B$7:$B14,$B15,$A$7:$A14,"<"&$A15) | H15: =MAX(0,FLOOR((F15-G15)/$E15,1)) | I15: =H15*$E15 | J15: =J$4*VLOOKUP($B15,'Space Types'!$A$2:$B$6,2,FALSE) | K15: =SUMIFS($M$7:$M14,$B$7:$B14,$B15,$A$7:$A14,"<"&$A15) | L15: =MAX(0,FLOOR((J15-K15)/$E15,1)) | M15: =L15*$E15 | N15: =N$4*VLOOKUP($B15,'Space Types'!$A$2:$B$6,2,FALSE) | O15: =SUMIFS($Q$7:$Q14,$B$7:$B14,$B15,$A$7:$A14,"<"&$A15) | P15: =MAX(0,FLOOR((N15-O15)/$E15,1)) | Q15: =P15*$E15
A16: 10 | B16: Free Weight Zone | C16: Smith Machine | D16: =VLOOKUP(C16,Equipment!$C$2:$K$24,2,FALSE) | E16: =VLOOKUP(C16,Equipment!$C$2:$K$24,9,FALSE) | F16: =F$4*VLOOKUP($B16,'Space Types'!$A$2:$B$6,2,FALSE) | G16: =SUMIFS($I$7:$I15,$B$7:$B15,$B16,$A$7:$A15,"<"&$A16) | H16: =MAX(0,FLOOR((F16-G16)/$E16,1)) | I16: =H16*$E16 | J16: =J$4*VLOOKUP($B16,'Space Types'!$A$2:$B$6,2,FALSE) | K16: =SUMIFS($M$7:$M15,$B$7:$B15,$B16,$A$7:$A15,"<"&$A16) | L16: =MAX(0,FLOOR((J16-K16)/$E16,1)) | M16: =L16*$E16 | N16: =N$4*VLOOKUP($B16,'Space Types'!$A$2:$B$6,2,FALSE) | O16: =SUMIFS($Q$7:$Q15,$B$7:$B15,$B16,$A$7:$A15,"<"&$A16) | P16: =MAX(0,FLOOR((N16-O16)/$E16,1)) | Q16: =P16*$E16
A17: 11 | B17: Machine Zone | C17: Cable Crossover Station | D17: =VLOOKUP(C17,Equipment!$C$2:$K$24,2,FALSE) | E17: =VLOOKUP(C17,Equipment!$C$2:$K$24,9,FALSE) | F17: =F$4*VLOOKUP($B17,'Space Types'!$A$2:$B$6,2,FALSE) | G17: =SUMIFS($I$7:$I16,$B$7:$B16,$B17,$A$7:$A16,"<"&$A17) | H17: =MAX(0,FLOOR((F17-G17)/$E17,1)) | I17: =H17*$E17 | J17: =J$4*VLOOKUP($B17,'Space Types'!$A$2:$B$6,2,FALSE) | K17: =SUMIFS($M$7:$M16,$B$7:$B16,$B17,$A$7:$A16,"<"&$A17) | L17: =MAX(0,FLOOR((J17-K17)/$E17,1)) | M17: =L17*$E17 | N17: =N$4*VLOOKUP($B17,'Space Types'!$A$2:$B$6,2,FALSE) | O17: =SUMIFS($Q$7:$Q16,$B$7:$B16,$B17,$A$7:$A16,"<"&$A17) | P17: =MAX(0,FLOOR((N17-O17)/$E17,1)) | Q17: =P17*$E17
A18: 12 | B18: Machine Zone | C18: Leg Press Machine | D18: =VLOOKUP(C18,Equipment!$C$2:$K$24,2,FALSE) | E18: =VLOOKUP(C18,Equipment!$C$2:$K$24,9,FALSE) | F18: =F$4*VLOOKUP($B18,'Space Types'!$A$2:$B$6,2,FALSE) | G18: =SUMIFS($I$7:$I17,$B$7:$B17,$B18,$A$7:$A17,"<"&$A18) | H18: =MAX(0,FLOOR((F18-G18)/$E18,1)) | I18: =H18*$E18 | J18: =J$4*VLOOKUP($B18,'Space Types'!$A$2:$B$6,2,FALSE) | K18: =SUMIFS($M$7:$M17,$B$7:$B17,$B18,$A$7:$A17,"<"&$A18) | L18: =MAX(0,FLOOR((J18-K18)/$E18,1)) | M18: =L18*$E18 | N18: =N$4*VLOOKUP($B18,'Space Types'!$A$2:$B$6,2,FALSE) | O18: =SUMIFS($Q$7:$Q17,$B$7:$B17,$B18,$A$7:$A17,"<"&$A18) | P18: =MAX(0,FLOOR((N18-O18)/$E18,1)) | Q18: =P18*$E18
A19: 13 | B19: Machine Zone | C19: Lat Pulldown Machine | D19: =VLOOKUP(C19,Equipment!$C$2:$K$24,2,FALSE) | E19: =VLOOKUP(C19,Equipment!$C$2:$K$24,9,FALSE) | F19: =F$4*VLOOKUP($B19,'Space Types'!$A$2:$B$6,2,FALSE) | G19: =SUMIFS($I$7:$I18,$B$7:$B18,$B19,$A$7:$A18,"<"&$A19) | H19: =MAX(0,FLOOR((F19-G19)/$E19,1)) | I19: =H19*$E19 | J19: =J$4*VLOOKUP($B19,'Space Types'!$A$2:$B$6,2,FALSE) | K19: =SUMIFS($M$7:$M18,$B$7:$B18,$B19,$A$7:$A18,"<"&$A19) | L19: =MAX(0,FLOOR((J19-K19)/$E19,1)) | M19: =L19*$E19 | N19: =N$4*VLOOKUP($B19,'Space Types'!$A$2:$B$6,2,FALSE) | O19: =SUMIFS($Q$7:$Q18,$B$7:$B18,$B19,$A$7:$A18,"<"&$A19) | P19: =MAX(0,FLOOR((N19-O19)/$E19,1)) | Q19: =P19*$E19
... A29: 23 | B29: Recovery Zone | C29: Massage Chair | D29: =VLOOKUP(C29,Equipment!$C$2:$K$24,2,FALSE) | E29: =VLOOKUP(C29,Equipment!$C$2:$K$24,9,FALSE) | F29: =F$4*VLOOKUP($B29,'Space Types'!$A$2:$B$6,2,FALSE) | G29: =SUMIFS($I$7:$I28,$B$7:$B28,$B29,$A$7:$A28,"<"&$A29) | H29: =MAX(0,FLOOR((F29-G29)/$E29,1)) | I29: =H29*$E29 | J29: =J$4*VLOOKUP($B29,'Space Types'!$A$2:$B$6,2,FALSE) | K29: =SUMIFS($M$7:$M28,$B$7:$B28,$B29,$A$7:$A28,"<"&$A29) | L29: =MAX(0,FLOOR((J29-K29)/$E29,1)) | M29: =L29*$E29 | N29: =N$4*VLOOKUP($B29,'Space Types'!$A$2:$B$6,2,FALSE) | O29: =SUMIFS($Q$7:$Q28,$B$7:$B28,$B29,$A$7:$A28,"<"&$A29) | P29: =MAX(0,FLOOR((N29-O29)/$E29,1)) | Q29: =P29*$E29
C30: TOTAL AREA USED / UTILIZATION | H30: =I30/F$4 | I30: =SUM(I7:I29) | L30: =M30/J$4 | M30: =SUM(M7:M29) | P30: =Q30/N$4 | Q30: =SUM(Q7:Q29)

Sheet Scenario Summary
A1: Scenario Summary — zone budget vs. area used
A2: Sanity-check: utilization should stay well under/around 100% per zone; wildly off numbers mean the zone %, footprints, or clearances need adjusting.
A4: Scenario A (100 sqm)
A5: Zone | B5: Zone Budget (sqm) | C5: Area Used (sqm) | D5: Utilization % | E5: Equipment Units
A6: Cardio Zone | B6: =SUMIFS('Recommendation Model'!$F$7:$F$29,'Recommendation Model'!$B$7:$B$29,A6)/COUNTIFS('Recommendation Model'!$B$7:$B$29,A6) | C6: =SUMIFS('Recommendation Model'!$I$7:$I$29,'Recommendation Model'!$B$7:$B$29,A6) | D6: =C6/B6 | E6: =SUMIFS('Recommendation Model'!$H$7:$H$29,'Recommendation Model'!$B$7:$B$29,A6)
A7: Free Weight Zone | B7: =SUMIFS('Recommendation Model'!$F$7:$F$29,'Recommendation Model'!$B$7:$B$29,A7)/COUNTIFS('Recommendation Model'!$B$7:$B$29,A7) | C7: =SUMIFS('Recommendation Model'!$I$7:$I$29,'Recommendation Model'!$B$7:$B$29,A7) | D7: =C7/B7 | E7: =SUMIFS('Recommendation Model'!$H$7:$H$29,'Recommendation Model'!$B$7:$B$29,A7)
A8: Machine Zone | B8: =SUMIFS('Recommendation Model'!$F$7:$F$29,'Recommendation Model'!$B$7:$B$29,A8)/COUNTIFS('Recommendation Model'!$B$7:$B$29,A8) | C8: =SUMIFS('Recommendation Model'!$I$7:$I$29,'Recommendation Model'!$B$7:$B$29,A8) | D8: =C8/B8 | E8: =SUMIFS('Recommendation Model'!$H$7:$H$29,'Recommendation Model'!$B$7:$B$29,A8)
A9: Functional Zone | B9: =SUMIFS('Recommendation Model'!$F$7:$F$29,'Recommendation Model'!$B$7:$B$29,A9)/COUNTIFS('Recommendation Model'!$B$7:$B$29,A9) | C9: =SUMIFS('Recommendation Model'!$I$7:$I$29,'Recommendation Model'!$B$7:$B$29,A9) | D9: =C9/B9 | E9: =SUMIFS('Recommendation Model'!$H$7:$H$29,'Recommendation Model'!$B$7:$B$29,A9)
A10: Recovery Zone | B10: =SUMIFS('Recommendation Model'!$F$7:$F$29,'Recommendation Model'!$B$7:$B$29,A10)/COUNTIFS('Recommendation Model'!$B$7:$B$29,A10) | C10: =SUMIFS('Recommendation Model'!$I$7:$I$29,'Recommendation Model'!$B$7:$B$29,A10) | D10: =C10/B10 | E10: =SUMIFS('Recommendation Model'!$H$7:$H$29,'Recommendation Model'!$B$7:$B$29,A10)
A11: Room Total | B11: =SUM(B6:B10) | C11: =SUM(C6:C10) | D11: =C11/B11 | E11: =SUM(E6:E10)
A13: Scenario B (200 sqm)
A14: Zone | B14: Zone Budget (sqm) | C14: Area Used (sqm) | D14: Utilization % | E14: Equipment Units
A15: Cardio Zone | B15: =SUMIFS('Recommendation Model'!$J$7:$J$29,'Recommendation Model'!$B$7:$B$29,A15)/COUNTIFS('Recommendation Model'!$B$7:$B$29,A15) | C15: =SUMIFS('Recommendation Model'!$M$7:$M$29,'Recommendation Model'!$B$7:$B$29,A15) | D15: =C15/B15 | E15: =SUMIFS('Recommendation Model'!$L$7:$L$29,'Recommendation Model'!$B$7:$B$29,A15)
A16: Free Weight Zone | B16: =SUMIFS('Recommendation Model'!$J$7:$J$29,'Recommendation Model'!$B$7:$B$29,A16)/COUNTIFS('Recommendation Model'!$B$7:$B$29,A16) | C16: =SUMIFS('Recommendation Model'!$M$7:$M$29,'Recommendation Model'!$B$7:$B$29,A16) | D16: =C16/B16 | E16: =SUMIFS('Recommendation Model'!$L$7:$L$29,'Recommendation Model'!$B$7:$B$29,A16)
A17: Machine Zone | B17: =SUMIFS('Recommendation Model'!$J$7:$J$29,'Recommendation Model'!$B$7:$B$29,A17)/COUNTIFS('Recommendation Model'!$B$7:$B$29,A17) | C17: =SUMIFS('Recommendation Model'!$M$7:$M$29,'Recommendation Model'!$B$7:$B$29,A17) | D17: =C17/B17 | E17: =SUMIFS('Recommendation Model'!$L$7:$L$29,'Recommendation Model'!$B$7:$B$29,A17)
A18: Functional Zone | B18: =SUMIFS('Recommendation Model'!$J$7:$J$29,'Recommendation Model'!$B$7:$B$29,A18)/COUNTIFS('Recommendation Model'!$B$7:$B$29,A18) | C18: =SUMIFS('Recommendation Model'!$M$7:$M$29,'Recommendation Model'!$B$7:$B$29,A18) | D18: =C18/B18 | E18: =SUMIFS('Recommendation Model'!$L$7:$L$29,'Recommendation Model'!$B$7:$B$29,A18)
A19: Recovery Zone | B19: =SUMIFS('Recommendation Model'!$J$7:$J$29,'Recommendation Model'!$B$7:$B$29,A19)/COUNTIFS('Recommendation Model'!$B$7:$B$29,A19) | C19: =SUMIFS('Recommendation Model'!$M$7:$M$29,'Recommendation Model'!$B$7:$B$29,A19) | D19: =C19/B19 | E19: =SUMIFS('Recommendation Model'!$L$7:$L$29,'Recommendation Model'!$B$7:$B$29,A19)
A20: Room Total | B20: =SUM(B15:B19) | C20: =SUM(C15:C19) | D20: =C20/B20 | E20: =SUM(E15:E19)
A22: Scenario C (500 sqm)
A23: Zone | B23: Zone Budget (sqm) | C23: Area Used (sqm) | D23: Utilization % | E23: Equipment Units
A24: Cardio Zone | B24: =SUMIFS('Recommendation Model'!$N$7:$N$29,'Recommendation Model'!$B$7:$B$29,A24)/COUNTIFS('Recommendation Model'!$B$7:$B$29,A24) | C24: =SUMIFS('Recommendation Model'!$Q$7:$Q$29,'Recommendation Model'!$B$7:$B$29,A24) | D24: =C24/B24 | E24: =SUMIFS('Recommendation Model'!$P$7:$P$29,'Recommendation Model'!$B$7:$B$29,A24)
A25: Free Weight Zone | B25: =SUMIFS('Recommendation Model'!$N$7:$N$29,'Recommendation Model'!$B$7:$B$29,A25)/COUNTIFS('Recommendation Model'!$B$7:$B$29,A25) | C25: =SUMIFS('Recommendation Model'!$Q$7:$Q$29,'Recommendation Model'!$B$7:$B$29,A25) | D25: =C25/B25 | E25: =SUMIFS('Recommendation Model'!$P$7:$P$29,'Recommendation Model'!$B$7:$B$29,A25)
A26: Machine Zone | B26: =SUMIFS('Recommendation Model'!$N$7:$N$29,'Recommendation Model'!$B$7:$B$29,A26)/COUNTIFS('Recommendation Model'!$B$7:$B$29,A26) | C26: =SUMIFS('Recommendation Model'!$Q$7:$Q$29,'Recommendation Model'!$B$7:$B$29,A26) | D26: =C26/B26 | E26: =SUMIFS('Recommendation Model'!$P$7:$P$29,'Recommendation Model'!$B$7:$B$29,A26)
A27: Functional Zone | B27: =SUMIFS('Recommendation Model'!$N$7:$N$29,'Recommendation Model'!$B$7:$B$29,A27)/COUNTIFS('Recommendation Model'!$B$7:$B$29,A27) | C27: =SUMIFS('Recommendation Model'!$Q$7:$Q$29,'Recommendation Model'!$B$7:$B$29,A27) | D27: =C27/B27 | E27: =SUMIFS('Recommendation Model'!$P$7:$P$29,'Recommendation Model'!$B$7:$B$29,A27)
A28: Recovery Zone | B28: =SUMIFS('Recommendation Model'!$N$7:$N$29,'Recommendation Model'!$B$7:$B$29,A28)/COUNTIFS('Recommendation Model'!$B$7:$B$29,A28) | C28: =SUMIFS('Recommendation Model'!$Q$7:$Q$29,'Recommendation Model'!$B$7:$B$29,A28) | D28: =C28/B28 | E28: =SUMIFS('Recommendation Model'!$P$7:$P$29,'Recommendation Model'!$B$7:$B$29,A28)
A29: Room Total | B29: =SUM(B24:B28) | C29: =SUM(C24:C28) | D29: =C29/B29 | E29: =SUM(E24:E28)
